,id,lonlat,tags.power,tags.generator:type,tags.generator:method,tags.generator:source,tags.generator:output:electricity,Type,Country
0,2350879791,"[5.62265130000001, 6.335435899999985]",generator,,,,,Node,nigeria
1,7804103243,"[7.25429610000001, 4.8516704999999725]",generator,gas_turbine,combustion,gas,yes,Node,nigeria
2,7804174723,"[6.301606000000022, 5.03069619999996]",generator,gas_turbine,combustion,gas,yes,Node,nigeria
3,2344328629,"[5.602749100000032, 6.3246449]",generator,,,,,Node,nigeria
4,2075846403,"[5.621259399999963, 6.310514899999997]",generator,,water-storage,hydro,yes,Node,nigeria
5,7805160134,"[6.66302290000007, 5.39017029999977]",generator,gas_turbine,combustion,gas,25 MW,Node,nigeria
6,2161110150,"[5.5868325000000105, 6.290932799999991]",generator,,,,,Node,nigeria
7,7253015691,"[11.173567600000009, 10.304916100000035]",generator,,,,,Node,nigeria
8,2349297923,"[5.611392700000003, 6.322859299999986]",generator,,,,,Node,nigeria
9,2075846285,"[5.621374299999965, 6.309554299999998]",generator,,,,,Node,nigeria
10,2161110157,"[5.59750490000001, 6.30559459999999]",generator,,,,,Node,nigeria
11,7808382697,"[5.645223299999995, 5.924997999999995]",generator,steam_turbine,combustion,gas,120 MW,Node,nigeria
12,7804096584,"[4.78933260000001, 9.139945099999972]",generator,kaplan_turbine,run-of-the-river,hydro,96.4 MW,Node,nigeria
13,2161110166,"[5.599034900000011, 6.310333699999991]",generator,,,,,Node,nigeria
14,7804096571,"[5.91642560000001, 5.54205519999997]",generator,gas_turbine,combustion,gas,25 MW,Node,nigeria
15,2161110219,"[5.613795100000011, 6.315079599999992]",generator,,,,,Node,nigeria
16,7805160138,"[6.66355510000007, 5.390166099999769]",generator,gas_turbine,combustion,gas,25 MW,Node,nigeria
17,2161111018,"[5.627915800000011, 6.329123599999992]",generator,,,,,Node,nigeria
18,2161110777,"[5.61145250000001, 6.321256799999992]",generator,,,,,Node,nigeria
19,7804094435,"[4.71033290000001, 6.735568299999971]",generator,gas_turbine,combustion,gas,yes,Node,nigeria
20,7804103317,"[3.615000900000009, 6.563481599999972]",generator,steam_turbine,combustion,gas,220 MW,Node,nigeria
21,7804103240,"[7.253932400000011, 4.851784399999972]",generator,gas_turbine,combustion,gas,yes,Node,nigeria
22,7810376004,"[7.031687200000009, 4.816751000000013]",generator,gas_turbine,combustion,gas,12 MW,Node,nigeria
23,7804103204,"[3.3144969000000093, 6.880659299999972]",generator,gas_turbine,combustion,gas,yes,Node,nigeria
24,2161111023,"[5.613568500000011, 6.330773299999992]",generator,,,,,Node,nigeria
25,7808382709,"[5.644590899999995, 5.926286599999995]",generator,gas_turbine,combustion,gas,112.5 MW,Node,nigeria
26,2155736573,"[5.634913499999989, 6.332002800000004]",generator,,,hydro,yes,Node,nigeria
27,2345400477,"[5.610290700000049, 6.345694300000004]",generator,,dam,hydro,,Node,nigeria
28,7804103212,"[3.3156019000000096, 6.886054299999972]",generator,combined_cycle,combustion,gas,yes,Node,nigeria
29,2155735284,"[5.633180599999989, 6.320856800000003]",generator,,,hydro,yes,Node,nigeria
30,7804103208,"[3.3147349000000097, 6.882486499999972]",generator,gas_turbine,combustion,gas,yes,Node,nigeria
31,2075846281,"[5.627284999999965, 6.308953699999997]",generator,,,,,Node,nigeria
32,7804096579,"[4.611690900000009, 9.863497999999971]",generator,kaplan_turbine,run-of-the-river,hydro,yes,Node,nigeria
33,2155735304,"[5.630006599999989, 6.321921700000003]",generator,,,,,Node,nigeria
34,2161110151,"[5.58558480000001, 6.2942431999999915]",generator,,,,,Node,nigeria
35,2344280084,"[5.599986600000036, 6.3376119]",generator,,,,,Node,nigeria
36,7808377975,"[8.273085899999995, 5.189418099999994]",generator,gas_turbine,combustion,gas,112.5 MW,Node,nigeria
37,2344554614,"[5.621118900000066, 6.33185310000001]",generator,,,,,Node,nigeria
38,7804103239,"[7.25340400000001, 4.851891299999972]",generator,gas_turbine,combustion,gas,yes,Node,nigeria
39,7804096575,"[4.61251570000001, 9.86405289999997]",generator,kaplan_turbine,run-of-the-river,hydro,yes,Node,nigeria
40,2161072425,"[5.597084700000008, 6.2980384999999925]",generator,,,,,Node,nigeria
41,2351090154,"[5.626606500000012, 6.335815199999984]",generator,,,,,Node,nigeria
42,2161072335,"[5.591828700000008, 6.293160099999993]",generator,,,,,Node,nigeria
43,7804096556,"[5.9146705000000095, 5.539458999999971]",generator,gas_turbine,combustion,gas,100 MW,Node,nigeria
44,2155733004,"[5.615296899999988, 6.303817700000002]",generator,,,,,Node,nigeria
45,2161110153,"[5.60712790000001, 6.294815599999991]",generator,,,,,Node,nigeria
46,2161111057,"[5.628382000000012, 6.334513899999992]",generator,,,,,Node,nigeria
47,7804096557,"[5.9148469000000095, 5.53962489999997]",generator,gas_turbine,combustion,gas,100 MW,Node,nigeria
48,2160847867,"[5.596525200000018, 6.295764299999979]",generator,,,,,Node,nigeria
49,7804096561,"[5.91554220000001, 5.54027859999997]",generator,gas_turbine,combustion,gas,100 MW,Node,nigeria
50,7238974076,"[8.1456411, 9.483227900000037]",generator,solar_photovoltaic_panel,photovoltaic,solar,yes,Node,nigeria
51,2349475768,"[5.63371320000001, 6.342317299999987]",generator,,,,,Node,nigeria
52,2344590804,"[5.587347000000063, 6.329320600000011]",generator,,,,,Node,nigeria
53,2344596629,"[5.609893400000065, 6.340957100000009]",generator,,,,,Node,nigeria
54,2349297925,"[5.615895700000003, 6.327779699999986]",generator,,,,,Node,nigeria
55,2349397508,"[5.613435200000005, 6.335709899999986]",generator,,,,,Node,nigeria
56,2160848443,"[5.597240400000018, 6.298182199999979]",generator,,,,,Node,nigeria
57,7804103287,"[4.789170000000009, 9.139228499999971]",generator,kaplan_turbine,run-of-the-river,hydro,96.4 MW,Node,nigeria
58,7804103241,"[7.25405360000001, 4.851746399999972]",generator,gas_turbine,combustion,gas,yes,Node,nigeria
59,7804103238,"[7.25323230000001, 4.851944699999971]",generator,gas_turbine,combustion,gas,yes,Node,nigeria
60,2161072715,"[5.607600000000008, 6.313880999999992]",generator,,,,,Node,nigeria
61,7808424230,"[6.659962499999953, 7.471248700000174]",generator,gas_turbine,combustion,gas,yes,Node,nigeria
62,2075846276,"[5.622379099999965, 6.307373599999997]",generator,,,,,Node,nigeria
63,7808377977,"[8.272385899999994, 5.190548099999995]",generator,gas_turbine,combustion,gas,112.5 MW,Node,nigeria
64,7804103248,"[7.25699540000001, 4.849683699999973]",generator,combined_cycle,combustion,gas,yes,Node,nigeria
65,2075846411,"[5.615757799999963, 6.313701799999997]",generator,,,,,Node,nigeria
66,2161110154,"[5.58838400000001, 6.299195099999991]",generator,,,,,Node,nigeria
67,7804103246,"[7.25540220000001, 4.851533099999973]",generator,gas_turbine,combustion,gas,yes,Node,nigeria
68,7810362996,"[7.568708400000012, 4.564872000000013]",generator,gas_turbine,combustion,gas,yes,Node,nigeria
69,2350849583,"[5.61848220000001, 6.339448299999988]",generator,,,hydro,,Node,nigeria
70,7804094440,"[4.710665300000009, 6.7329471999999715]",generator,gas_turbine,combustion,gas,yes,Node,nigeria
71,1995056209,"[5.575795299999986, 6.3598778000000475]",generator,,,,,Node,nigeria
72,7814108839,"[7.573477299999986, 4.569037600000031]",generator,gas_turbine,combustion,gas,yes,Node,nigeria
73,7814108836,"[7.573575499999986, 4.56865740000003]",generator,gas_turbine,combustion,gas,yes,Node,nigeria
74,2155733449,"[5.627541899999988, 6.318544900000003]",generator,,,hydro,yes,Node,nigeria
75,7805160140,"[6.66513650000007, 5.385115299999769]",generator,gas_turbine,combustion,gas,112.5 MW,Node,nigeria
76,7808382703,"[5.644191199999995, 5.927283499999994]",generator,gas_turbine,combustion,gas,75 MW,Node,nigeria
77,2350879795,"[5.62803030000001, 6.344291399999985]",generator,,,,,Node,nigeria
78,7804094439,"[4.710661800000009, 6.733261499999972]",generator,gas_turbine,combustion,gas,yes,Node,nigeria
79,2075846283,"[5.621592599999965, 6.309400999999998]",generator,,,,,Node,nigeria
80,2344466080,"[5.626347100000064, 6.327385500000008]",generator,,,,,Node,nigeria
81,7804103237,"[7.25306060000001, 4.851990199999971]",generator,gas_turbine,combustion,gas,yes,Node,nigeria
82,7804103210,"[3.3148174000000097, 6.883119299999972]",generator,gas_turbine,combustion,gas,yes,Node,nigeria
83,7804103242,"[7.25417480000001, 4.8517084999999724]",generator,gas_turbine,combustion,gas,yes,Node,nigeria
84,7238712293,"[8.165854899999996, 9.434707299999996]",generator,solar_photovoltaic_panel,photovoltaic,solar,yes,Node,nigeria
85,7810376000,"[7.031430800000009, 4.816022200000014]",generator,gas_turbine,combustion,gas,25 MW,Node,nigeria
86,7804094438,"[4.710313100000009, 6.734614699999971]",generator,gas_turbine,combustion,gas,yes,Node,nigeria
87,1995055431,"[5.585081299999987, 6.358541500000047]",generator,,,,yes,Node,nigeria
88,7804103315,"[3.6154569000000087, 6.563483499999972]",generator,steam_turbine,combustion,gas,220 MW,Node,nigeria
89,7804103319,"[3.614437600000009, 6.563479199999971]",generator,steam_turbine,combustion,gas,220 MW,Node,nigeria
90,2350879792,"[5.62612040000001, 6.3409364999999855]",generator,,,,,Node,nigeria
91,4770511545,"[5.6828488999999935, 6.406612900000013]",generator,gas_turbine,combustion,gas,112.5 MW,Node,nigeria
92,2155735324,"[5.629787499999989, 6.321967400000004]",generator,,,hydro,yes,Node,nigeria
93,7804094437,"[4.7103198000000095, 6.734939599999971]",generator,gas_turbine,combustion,gas,yes,Node,nigeria
94,7804103286,"[4.789224200000009, 9.13946739999997]",generator,kaplan_turbine,run-of-the-river,hydro,96.4 MW,Node,nigeria
95,2075846287,"[5.626597099999965, 6.311110399999998]",generator,,,,,Node,nigeria
96,7804094442,"[4.710677900000009, 6.7318177999999715]",generator,gas_turbine,combustion,gas,yes,Node,nigeria
97,2075846268,"[5.626251299999965, 6.305618099999998]",generator,,,,,Node,nigeria
98,2344554605,"[5.6165426000000656, 6.32434680000001]",generator,,,,,Node,nigeria
99,2351090158,"[5.625285200000012, 6.336812799999984]",generator,,,,,Node,nigeria
100,7814108838,"[7.573509999999986, 4.568910900000031]",generator,gas_turbine,combustion,gas,yes,Node,nigeria
101,1994157718,"[5.632458300000002, 6.364959000000015]",generator,,,,,Node,nigeria
102,2344220907,"[5.5964058000000385, 6.341433799999999]",generator,,,,,Node,nigeria
103,7810376002,"[7.031172200000009, 4.815903800000013]",generator,gas_turbine,combustion,gas,25 MW,Node,nigeria
104,7804096570,"[5.91633200000001, 5.54196709999997]",generator,gas_turbine,combustion,gas,25 MW,Node,nigeria
105,7804096572,"[5.91650710000001, 5.54213189999997]",generator,gas_turbine,combustion,gas,25 MW,Node,nigeria
106,2075846410,"[5.618722399999963, 6.311428699999997]",generator,,,,,Node,nigeria
107,2072662662,"[5.575795300000065, 6.359835399999949]",generator,,,,,Node,nigeria
108,7810376001,"[7.031299700000009, 4.815962200000014]",generator,gas_turbine,combustion,gas,25 MW,Node,nigeria
109,7804103316,"[3.6160281000000087, 6.5634858999999715]",generator,steam_turbine,combustion,gas,220 MW,Node,nigeria
110,2349477446,"[5.627482600000009, 6.339518799999986]",generator,,,,,Node,nigeria
111,7810362998,"[7.568053900000011, 4.564497700000013]",generator,gas_turbine,combustion,gas,yes,Node,nigeria
112,7808382702,"[5.644236799999995, 5.927182999999994]",generator,gas_turbine,combustion,gas,75 MW,Node,nigeria
113,2160848258,"[5.604972800000018, 6.297503699999979]",generator,,,,,Node,nigeria
114,2345400479,"[5.61270530000005, 6.3494516000000045]",generator,,dam,hydro,,Node,nigeria
115,7808382696,"[5.645325799999995, 5.924792499999995]",generator,steam_turbine,combustion,gas,120 MW,Node,nigeria
116,7810362997,"[7.568405900000012, 4.5646990000000125]",generator,gas_turbine,combustion,gas,yes,Node,nigeria
117,4770511173,"[5.682609999999993, 6.407003900000013]",generator,gas_turbine,combustion,gas,112.5 MW,Node,nigeria
118,2344316152,"[5.608378400000033, 6.3300605]",generator,,,,,Node,nigeria
119,1995055439,"[5.577745699999987, 6.355757700000048]",generator,,,,,Node,nigeria
120,7808382707,"[5.6445693999999955, 5.927857899999995]",generator,gas_turbine,combustion,gas,112.5 MW,Node,nigeria
121,7804096569,"[5.91624390000001, 5.54188409999997]",generator,gas_turbine,combustion,gas,25 MW,Node,nigeria
122,2161110155,"[5.597931300000011, 6.30414339999999]",generator,,,,,Node,nigeria
123,2155733448,"[5.614189599999988, 6.317969200000003]",generator,,,,,Node,nigeria
124,2161110162,"[5.602609700000011, 6.308513099999991]",generator,,,,,Node,nigeria
125,7804103236,"[7.25299090000001, 4.851645399999971]",generator,gas_turbine,combustion,gas,yes,Node,nigeria
126,7804103318,"[3.614703200000009, 6.563480299999972]",generator,steam_turbine,combustion,gas,220 MW,Node,nigeria
127,2349477441,"[5.627861800000009, 6.337062699999986]",generator,,,,,Node,nigeria
128,2349397507,"[5.615897000000005, 6.334535399999986]",generator,,,,,Node,nigeria
129,2344305973,"[5.599796800000033, 6.343683100000002]",generator,,,,,Node,nigeria
130,2351090144,"[5.6236910000000115, 6.334827599999985]",generator,,,,,Node,nigeria
131,1994157719,"[5.624226000000002, 6.364519700000015]",generator,,,,,Node,nigeria
132,2349297924,"[5.612089100000003, 6.323340599999986]",generator,,,,,Node,nigeria
133,2161111047,"[5.6313961000000115, 6.332647899999992]",generator,,,,,Node,nigeria
134,2344433199,"[5.597681500000036, 6.321408099999998]",generator,,,,,Node,nigeria
135,2155735368,"[5.633640199999989, 6.3238335000000045]",generator,,,,,Node,nigeria
136,7804096568,"[5.91616240000001, 5.5418073999999695]",generator,gas_turbine,combustion,gas,25 MW,Node,nigeria
137,7804103205,"[3.3145356000000095, 6.880956699999972]",generator,gas_turbine,combustion,gas,yes,Node,nigeria
138,2344236547,"[5.594323100000036, 6.3273101999999986]",generator,,,,,Node,nigeria
139,2344554601,"[5.613792900000066, 6.32111990000001]",generator,,,,,Node,nigeria
140,7804103244,"[7.25441730000001, 4.851632599999973]",generator,gas_turbine,combustion,gas,yes,Node,nigeria
141,2344316150,"[5.608596200000033, 6.3317857]",generator,,,,,Node,nigeria
142,2155735128,"[5.629119299999989, 6.319435000000003]",generator,,,,,Node,nigeria
143,2155735367,"[5.630087699999989, 6.322445800000004]",generator,,,,,Node,nigeria
144,7814063308,"[6.737821699999987, 5.56530630000003]",generator,gas_turbine,combustion,gas,112.5 MW,Node,nigeria
145,7808481590,"[6.576293699999953, 5.710093600000172]",generator,combined_cycle,combustion,gas,480 MW,Node,nigeria
146,2161111059,"[5.618719700000011, 6.335037699999992]",generator,,,,,Node,nigeria
147,7804103213,"[3.3154947000000097, 6.885287399999972]",generator,combined_cycle,combustion,gas,yes,Node,nigeria
148,2161110169,"[5.599776300000011, 6.310825399999991]",generator,,,,,Node,nigeria
149,2344316149,"[5.6110329000000325, 6.3290373]",generator,,,,,Node,nigeria
150,2344468668,"[5.608117100000064, 6.343981100000009]",generator,,,,,Node,nigeria
151,7805160137,"[6.66342200000007, 5.390167099999769]",generator,gas_turbine,combustion,gas,25 MW,Node,nigeria
152,2350899889,"[5.619471100000013, 6.343985799999986]",generator,,,,,Node,nigeria
153,1994157747,"[5.629888300000002, 6.370588300000015]",generator,,,,,Node,nigeria
154,2155708896,"[5.621017999999989, 6.323543400000001]",generator,,,,,Node,nigeria
155,7804096567,"[5.9160400000000095, 5.5416920999999695]",generator,gas_turbine,combustion,gas,25 MW,Node,nigeria
156,7805126094,"[5.680814100000028, 6.409594599999834]",generator,gas_turbine,combustion,gas,153 MW,Node,nigeria
157,7238712294,"[8.165721499999997, 9.436025699999997]",generator,solar_photovoltaic_panel,photovoltaic,solar,yes,Node,nigeria
158,1995056210,"[5.574213799999986, 6.360926300000047]",generator,,,,,Node,nigeria
159,7808424231,"[6.660155399999953, 7.471567900000174]",generator,gas_turbine,combustion,gas,yes,Node,nigeria
160,2349477447,"[5.62618260000001, 6.340994999999986]",generator,,,,,Node,nigeria
161,7804096558,"[5.91495030000001, 5.53972199999997]",generator,gas_turbine,combustion,gas,100 MW,Node,nigeria
162,7805126095,"[5.680635700000027, 6.409886999999834]",generator,gas_turbine,combustion,gas,153 MW,Node,nigeria
163,7808382704,"[5.644145599999995, 5.927383899999994]",generator,gas_turbine,combustion,gas,75 MW,Node,nigeria
164,7814108835,"[7.5736081999999865, 4.56853070000003]",generator,gas_turbine,combustion,gas,yes,Node,nigeria
165,2161111058,"[5.629701100000012, 6.334855199999992]",generator,,,,,Node,nigeria
166,2344220904,"[5.602736800000039, 6.341276399999999]",generator,,,,,Node,nigeria
167,2344426873,"[5.590562200000034, 6.316437499999998]",generator,,,,,Node,nigeria
168,2161111060,"[5.588469400000012, 6.293066099999992]",generator,,,,,Node,nigeria
169,7814063309,"[6.737939699999987, 5.56494060000003]",generator,gas_turbine,combustion,gas,112.5 MW,Node,nigeria
170,7804096581,"[4.61136370000001, 9.86327599999997]",generator,kaplan_turbine,run-of-the-river,hydro,yes,Node,nigeria
171,2161110159,"[5.60429150000001, 6.30710759999999]",generator,,,,,Node,nigeria
172,7808382699,"[5.645018399999995, 5.925408799999994]",generator,steam_turbine,combustion,gas,120 MW,Node,nigeria
173,2161072730,"[5.625802500000008, 6.329310999999993]",generator,,,,,Node,nigeria
174,7804103211,"[3.3148563000000095, 6.883417999999972]",generator,gas_turbine,combustion,gas,yes,Node,nigeria
175,2344554610,"[5.618237200000066, 6.32763530000001]",generator,,,,,Node,nigeria
176,2350920105,"[5.6165130000000145, 6.3408465999999875]",generator,,,,,Node,nigeria
177,7804103245,"[7.2545385000000095, 4.851594599999973]",generator,gas_turbine,combustion,gas,yes,Node,nigeria
178,7808382698,"[5.645120899999995, 5.925203399999995]",generator,steam_turbine,combustion,gas,120 MW,Node,nigeria
179,2344280081,"[5.608865100000036, 6.336241899999999]",generator,,dam,hydro,,Node,nigeria
180,2350899895,"[5.618995000000012, 6.3539317999999865]",generator,,,hydro,,Node,nigeria
181,2155735127,"[5.627453899999988, 6.319232900000003]",generator,,,hydro,yes,Node,nigeria
182,2072662661,"[5.577382300000065, 6.358162999999949]",generator,,,,,Node,nigeria
183,2344328606,"[5.598471900000033, 6.3446451]",generator,,,,,Node,nigeria
184,1994157679,"[5.633400000000003, 6.381793600000015]",generator,,,,,Node,nigeria
185,2161110152,"[5.59991210000001, 6.294467599999991]",generator,,,,,Node,nigeria
186,7805160135,"[6.66315600000007, 5.39016929999977]",generator,gas_turbine,combustion,gas,25 MW,Node,nigeria
187,2350849581,"[5.61934080000001, 6.335945399999988]",generator,,,hydro,,Node,nigeria
188,7804103232,"[7.25280050000001, 4.8512257999999715]",generator,gas_turbine,combustion,gas,yes,Node,nigeria
189,1994157788,"[5.628901400000002, 6.376898000000015]",generator,,,,,Node,nigeria
190,7804096566,"[5.915968300000009, 5.54162469999997]",generator,gas_turbine,combustion,gas,25 MW,Node,nigeria
191,2161110165,"[5.604352900000011, 6.309296399999991]",generator,,,,,Node,nigeria
192,7804096583,"[4.789386700000009, 9.140183999999971]",generator,kaplan_turbine,run-of-the-river,hydro,96.4 MW,Node,nigeria
193,7804096564,"[5.915793200000009, 5.54145979999997]",generator,gas_turbine,combustion,gas,25 MW,Node,nigeria
194,2349297926,"[5.6173192000000025, 6.330028899999985]",generator,,,,,Node,nigeria
195,7808382706,"[5.644987799999996, 5.928052699999995]",generator,gas_turbine,combustion,gas,112.5 MW,Node,nigeria
196,2075846409,"[5.619478499999963, 6.3109008999999965]",generator,,water-storage,hydro,yes,Node,nigeria
197,2161110160,"[5.5970508000000105, 6.307722799999991]",generator,,,,,Node,nigeria
198,2350849584,"[5.620903700000009, 6.340466099999988]",generator,,,hydro,yes,Node,nigeria
199,7808377974,"[8.273300499999994, 5.189057499999994]",generator,gas_turbine,combustion,gas,112.5 MW,Node,nigeria
200,2344468671,"[5.607657500000064, 6.3446750000000085]",generator,,,,,Node,nigeria
201,2344414268,"[5.604471500000033, 6.333317499999999]",generator,,,,,Node,nigeria
202,2344590803,"[5.581968200000063, 6.328384400000011]",generator,,,,,Node,nigeria
203,7810376003,"[7.031856200000009, 4.816836600000014]",generator,gas_turbine,combustion,gas,12 MW,Node,nigeria
204,2344596630,"[5.6045655000000645, 6.343160000000009]",generator,,,,,Node,nigeria
205,2161110592,"[5.62752350000001, 6.319227599999992]",generator,,,hydro,yes,Node,nigeria
206,7814108837,"[7.573542799999986, 4.56878410000003]",generator,gas_turbine,combustion,gas,yes,Node,nigeria
207,2161110173,"[5.609265200000011, 6.311434699999991]",generator,,,,,Node,nigeria
208,2075846282,"[5.619689499999965, 6.309397699999997]",generator,,,,,Node,nigeria
209,2161110174,"[5.6045225000000105, 6.312106299999991]",generator,,,,,Node,nigeria
210,7804103234,"[7.25331810000001, 4.851549199999972]",generator,gas_turbine,combustion,gas,yes,Node,nigeria
211,7805126096,"[5.680462700000027, 6.410170299999835]",generator,gas_turbine,combustion,gas,153 MW,Node,nigeria
212,7804094434,"[4.71035250000001, 6.736516399999971]",generator,gas_turbine,combustion,gas,yes,Node,nigeria
213,2349477445,"[5.630394100000009, 6.339271099999986]",generator,,,,,Node,nigeria
214,2161110161,"[5.610672600000011, 6.307780799999991]",generator,,,,,Node,nigeria
215,2161072399,"[5.604805900000008, 6.2973267999999925]",generator,,,,,Node,nigeria
216,2161110156,"[5.6041969000000105, 6.30490039999999]",generator,,,,,Node,nigeria
217,2344280082,"[5.6051544000000355, 6.33677]",generator,,dam,hydro,,Node,nigeria
218,2351090150,"[5.624270400000012, 6.335521699999984]",generator,,,,,Node,nigeria
219,2161111055,"[5.634992900000012, 6.333742899999992]",generator,,,hydro,yes,Node,nigeria
220,2161110251,"[5.60275200000001, 6.315586999999992]",generator,,,,,Node,nigeria
221,7804096578,"[4.611854600000009, 9.863608999999972]",generator,kaplan_turbine,run-of-the-river,hydro,yes,Node,nigeria
222,7808382708,"[5.644395099999995, 5.9266706999999945]",generator,gas_turbine,combustion,gas,112.5 MW,Node,nigeria
223,7804096562,"[5.91563880000001, 5.541314399999971]",generator,gas_turbine,combustion,gas,25 MW,Node,nigeria
224,2344426727,"[5.609900700000034, 6.340957799999998]",generator,,,,,Node,nigeria
225,7804103285,"[4.7892784000000095, 9.13970619999997]",generator,kaplan_turbine,run-of-the-river,hydro,96.4 MW,Node,nigeria
226,7808382700,"[5.6449158999999955, 5.925614299999994]",generator,steam_turbine,combustion,gas,120 MW,Node,nigeria
227,7805160141,"[6.66487900000007, 5.384805599999769]",generator,gas_turbine,combustion,gas,112.5 MW,Node,nigeria
228,1994157722,"[5.635163000000002, 6.369953900000015]",generator,,,,,Node,nigeria
229,7804094441,"[4.710674400000009, 6.732132099999972]",generator,gas_turbine,combustion,gas,yes,Node,nigeria
230,7804103206,"[3.3145751000000097, 6.881259999999972]",generator,gas_turbine,combustion,gas,yes,Node,nigeria
231,7804096565,"[5.915892500000009, 5.54155319999997]",generator,gas_turbine,combustion,gas,25 MW,Node,nigeria
232,7804096576,"[4.61267930000001, 9.864163899999971]",generator,kaplan_turbine,run-of-the-river,hydro,yes,Node,nigeria
233,7814063307,"[6.7377036999999875, 5.5656720000000295]",generator,gas_turbine,combustion,gas,112.5 MW,Node,nigeria
234,2160848548,"[5.6025864000000185, 6.300604499999979]",generator,,,,,Node,nigeria
235,7804103314,"[3.6157573000000087, 6.563484699999972]",generator,steam_turbine,combustion,gas,220 MW,Node,nigeria
236,2344540226,"[5.591411900000064, 6.323435400000013]",generator,,,,,Node,nigeria
237,2344328607,"[5.598841400000032, 6.3466477]",generator,,,,,Node,nigeria
238,7804096574,"[4.6123521000000105, 9.86394189999997]",generator,kaplan_turbine,run-of-the-river,hydro,yes,Node,nigeria
239,2344503130,"[5.594194000000063, 6.33259310000001]",generator,,,,,Node,nigeria
240,7808377976,"[8.272654099999995, 5.190085899999994]",generator,gas_turbine,combustion,gas,112.5 MW,Node,nigeria
241,2350849582,"[5.62086270000001, 6.337192899999988]",generator,,,hydro,yes,Node,nigeria
242,7810277125,"[7.321336299999986, 5.066653300000053]",generator,combined_cycle,combustion,gas,yes,Node,nigeria
243,2350879794,"[5.62626150000001, 6.341550199999985]",generator,,,,,Node,nigeria
244,2349477444,"[5.628100300000009, 6.3391587999999865]",generator,,,,,Node,nigeria
245,7804096577,"[4.612842900000009, 9.864274899999971]",generator,kaplan_turbine,run-of-the-river,hydro,yes,Node,nigeria
246,7804096563,"[5.91571190000001, 5.54138329999997]",generator,gas_turbine,combustion,gas,25 MW,Node,nigeria
247,4770511721,"[5.6823677999999935, 6.407365800000013]",generator,gas_turbine,combustion,gas,112.5 MW,Node,nigeria
248,7804103235,"[7.25314650000001, 4.851591899999971]",generator,gas_turbine,combustion,gas,yes,Node,nigeria
249,2161110337,"[5.60464210000001, 6.315828499999991]",generator,,,,,Node,nigeria
250,2350879793,"[5.62445910000001, 6.3412550999999855]",generator,,,,,Node,nigeria
251,7804103207,"[3.3146153000000096, 6.881568599999972]",generator,gas_turbine,combustion,gas,yes,Node,nigeria
252,2344540225,"[5.5925932000000635, 6.320851000000013]",generator,,,,,Node,nigeria
253,2349477443,"[5.629300400000009, 6.338262399999986]",generator,,,,,Node,nigeria
254,2161110182,"[5.6012432000000105, 6.313905599999991]",generator,,,,,Node,nigeria
255,2154572191,"[5.5915939999999855, 6.298652700000001]",generator,,,,,Node,nigeria
256,2344432007,"[5.615721200000032, 6.3377457999999995]",generator,,,,,Node,nigeria
257,2075846290,"[5.617539299999965, 6.3158882999999975]",generator,,,,,Node,nigeria
258,2155735371,"[5.628333999999989, 6.3287363000000045]",generator,,,hydro,yes,Node,nigeria
259,7808382701,"[5.644813499999995, 5.925819699999994]",generator,steam_turbine,combustion,gas,120 MW,Node,nigeria
260,2351090147,"[5.625969800000012, 6.335263399999985]",generator,,,,,Node,nigeria
261,7804096582,"[4.7894409000000095, 9.140422799999971]",generator,kaplan_turbine,run-of-the-river,hydro,96.4 MW,Node,nigeria
262,2155708897,"[5.622400599999989, 6.323865000000001]",generator,,,,,Node,nigeria
263,2160845834,"[5.591806400000018, 6.292972099999979]",generator,,,,,Node,nigeria
264,2155708895,"[5.615600399999988, 6.320974400000001]",generator,,,,,Node,nigeria
265,7804096559,"[5.91525500000001, 5.54000859999997]",generator,gas_turbine,combustion,gas,100 MW,Node,nigeria
266,2349424021,"[5.625902400000008, 6.354656499999987]",generator,,,,,Node,nigeria
267,4770511681,"[5.683093999999993, 6.406235200000014]",generator,gas_turbine,combustion,gas,112.5 MW,Node,nigeria
268,2155735369,"[5.631861799999989, 6.325829800000005]",generator,,dam,hydro,yes,Node,nigeria
269,2160850991,"[5.606949900000019, 6.294948299999979]",generator,,,,,Node,nigeria
270,2344305783,"[5.597106400000034, 6.331215]",generator,,,,,Node,nigeria
271,7804103233,"[7.25313840000001, 4.851236499999971]",generator,gas_turbine,combustion,gas,yes,Node,nigeria
272,7810277124,"[7.321915599999986, 5.067337200000053]",generator,combined_cycle,combustion,gas,yes,Node,nigeria
273,2161072714,"[5.607749000000008, 6.312215699999992]",generator,,,,,Node,nigeria
274,7805160136,"[6.66328900000007, 5.39016819999977]",generator,gas_turbine,combustion,gas,25 MW,Node,nigeria
275,7810376005,"[7.031510200000009, 4.816662800000013]",generator,gas_turbine,combustion,gas,12 MW,Node,nigeria
276,2075846418,"[5.6103253999999625, 6.322171999999997]",generator,,,,,Node,nigeria
277,2075846407,"[5.621451499999963, 6.310564199999996]",generator,,water-storage,hydro,yes,Node,nigeria
278,7804096560,"[5.91535730000001, 5.54010469999997]",generator,gas_turbine,combustion,gas,100 MW,Node,nigeria
279,1994157721,"[5.626552000000002, 6.366942600000015]",generator,,,,,Node,nigeria
280,2345400478,"[5.612319100000049, 6.349096800000004]",generator,,dam,hydro,,Node,nigeria
281,2155708918,"[5.616273099999989, 6.330588200000001]",generator,,,,,Node,nigeria
282,7810375999,"[7.031569200000009, 4.816085500000014]",generator,gas_turbine,combustion,gas,25 MW,Node,nigeria
283,7814108834,"[7.573640899999987, 4.56840390000003]",generator,gas_turbine,combustion,gas,yes,Node,nigeria
284,7804103247,"[7.25508840000001, 4.851618699999973]",generator,gas_turbine,combustion,gas,yes,Node,nigeria
285,2344328630,"[5.6027019000000315, 6.3270454]",generator,,,,,Node,nigeria
286,7804096580,"[4.611527300000009, 9.863386999999971]",generator,kaplan_turbine,run-of-the-river,hydro,yes,Node,nigeria
287,2161110175,"[5.5994360000000105, 6.312344799999991]",generator,,,,,Node,nigeria
288,7805160139,"[6.66368810000007, 5.390164999999769]",generator,gas_turbine,combustion,gas,25 MW,Node,nigeria
289,7804174722,"[6.302037800000022, 5.03055989999996]",generator,gas_turbine,combustion,gas,yes,Node,nigeria
290,7808424232,"[6.660343399999952, 7.4718790000001745]",generator,gas_turbine,combustion,gas,yes,Node,nigeria
291,2161110167,"[5.597984700000011, 6.310471699999991]",generator,,,,,Node,nigeria
292,2349477442,"[5.629082500000009, 6.338027199999987]",generator,,,,,Node,nigeria
293,2345400480,"[5.6055575000000495, 6.349702400000004]",generator,,dam,hydro,,Node,nigeria
294,7804094432,"[4.7103651000000095, 6.737123799999971]",generator,gas_turbine,combustion,gas,yes,Node,nigeria
295,7804096573,"[5.91658030000001, 5.54220079999997]",generator,gas_turbine,combustion,gas,25 MW,Node,nigeria
296,7804094431,"[4.71037210000001, 6.737459499999971]",generator,gas_turbine,combustion,gas,yes,Node,nigeria
297,7804094436,"[4.71032650000001, 6.735259599999972]",generator,gas_turbine,combustion,gas,yes,Node,nigeria
298,7804094433,"[4.71035920000001, 6.736835899999971]",generator,gas_turbine,combustion,gas,yes,Node,nigeria
299,7808382705,"[5.6440999999999955, 5.927484399999995]",generator,gas_turbine,combustion,gas,75 MW,Node,nigeria
300,7804103209,"[3.3147778000000097, 6.8828159999999725]",generator,gas_turbine,combustion,gas,yes,Node,nigeria
301,2161110158,"[5.612084200000011, 6.30679299999999]",generator,,,,,Node,nigeria
302,7808377978,"[8.272184699999995, 5.190881999999995]",generator,gas_turbine,combustion,gas,112.5 MW,Node,nigeria
303,2155736697,"[5.633453599999989, 6.332369200000004]",generator,,,hydro,yes,Node,nigeria
0,793461360,"[5.135100537192139, 7.305000516648662]",generator,solar_photovoltaic_panel,photovoltaic,solar,yes,Way,nigeria
1,859199591,"[9.448317949999945, 8.686782199999934]",generator,,,solar,,Way,nigeria
2,215459541,"[6.658820460036619, 7.469321816342016]",generator,,combustion,gas,138 MW,Way,nigeria
3,793364481,"[3.384100669512979, 6.886330138823379]",generator,,,solar,,Way,nigeria
4,793364480,"[3.3840861783015765, 6.886278242055868]",generator,,,solar,,Way,nigeria
5,85342434,"[5.5936573523596405, 6.317737680657511]",generator,,,,,Way,nigeria
6,789351080,"[3.434464899999998, 6.441102550000004]",generator,,,,,Way,nigeria
7,789351081,"[3.4344059499999986, 6.441103200000005]",generator,,,,,Way,nigeria
8,789351079,"[3.434853449999998, 6.440973400000003]",generator,,,,,Way,nigeria
9,793364483,"[3.384126431888932, 6.886439315115975]",generator,,,solar,,Way,nigeria
10,797705036,"[3.5089004769410534, 6.638382502654376]",generator,solar_photovoltaic_panel,photovoltaic,solar,yes,Way,nigeria
11,859199544,"[9.47064754999995, 8.681802849999952]",generator,,,solar,,Way,nigeria
12,699952935,"[4.212516355074211, 6.847616737016377]",generator,,,solar,,Way,nigeria
13,797275019,"[3.5184034142411, 6.619030946771949]",generator,solar_photovoltaic_panel,photovoltaic,solar,yes,Way,nigeria
14,837298121,"[7.172410968982051, 9.253819917258518]",generator,,,,,Way,nigeria
15,793780915,"[5.140829921081179, 7.3037538957093044]",generator,,,,,Way,nigeria
16,794643823,"[5.134862665066178, 7.304204974424737]",generator,,,,,Way,nigeria
17,859199592,"[9.448272749999946, 8.686745449999934]",generator,,,solar,,Way,nigeria
18,859199549,"[9.470526421224765, 8.681963153408045]",generator,,,solar,,Way,nigeria
19,837298122,"[7.17149341922403, 9.253511741965553]",generator,,,,,Way,nigeria
20,859199593,"[9.448221749999949, 8.686705049999933]",generator,,,solar,,Way,nigeria
21,699952933,"[4.212571301535918, 6.84749023360309]",generator,,,solar,,Way,nigeria
22,859199586,"[9.448386749999948, 8.686605499999937]",generator,,,solar,,Way,nigeria
23,837298120,"[7.171910022726509, 9.253655545067842]",generator,,,,,Way,nigeria
24,789351078,"[3.4348969499999984, 6.440950200000003]",generator,,,,,Way,nigeria
25,859199588,"[9.448378183201996, 8.686710949005159]",generator,,,solar,,Way,nigeria
26,789351082,"[3.4343456751660804, 6.441103918771719]",generator,,,,,Way,nigeria
27,793364484,"[3.3841407672595065, 6.88649581020301]",generator,,,solar,,Way,nigeria
28,859199546,"[9.47063249999995, 8.681893799999953]",generator,,,solar,,Way,nigeria
29,794244947,"[5.134905333511571, 7.306697816786032]",generator,,,,yes,Way,nigeria
30,837298123,"[7.17261685391647, 9.254233351038618]",generator,,,,,Way,nigeria
31,859199585,"[9.448432833257208, 8.686640949336313]",generator,,,solar,,Way,nigeria
32,935198122,"[9.766099119569635, 10.257997528188445]",generator,,,,,Way,nigeria
33,859199545,"[9.470558749999949, 8.681782899999952]",generator,,,solar,,Way,nigeria
34,859199548,"[9.470614749999948, 8.68198184999995]",generator,,,solar,,Way,nigeria
35,859199590,"[9.448281699999947, 8.686638399999934]",generator,,,solar,,Way,nigeria
36,215459539,"[6.658996299999985, 7.469614549999994]",generator,,combustion,gas,138 MW,Way,nigeria
37,797705035,"[3.509445979786494, 6.63712477581224]",generator,solar_photovoltaic_panel,photovoltaic,solar,yes,Way,nigeria
38,859199547,"[9.470541849999949, 8.68187559999995]",generator,,,solar,,Way,nigeria
39,797275018,"[3.518362037971814, 6.619641856420911]",generator,solar_photovoltaic_panel,photovoltaic,solar,yes,Way,nigeria
40,608976893,"[7.504750902206033, 6.423475942671147]",generator,,,,,Way,nigeria
41,847216705,"[7.466952341281282, 9.03927779080102]",generator,,,,,Way,nigeria
42,859199587,"[9.448343699999944, 8.686565099999935]",generator,,,solar,,Way,nigeria
43,793364482,"[3.384112278529584, 6.886381341776759]",generator,,,solar,,Way,nigeria
44,705298564,"[4.320886492908295, 7.88995697670664]",generator,,,solar,,Way,nigeria
45,215459538,"[6.6591700999999865, 7.469915349999996]",generator,,combustion,gas,138 MW,Way,nigeria
46,859199589,"[9.448327549999945, 8.686675349999934]",generator,,,solar,,Way,nigeria
